<?xml version="1.0" encoding="UTF-8"?>
<metadata xml:lang="en"><Esri><CreaDate>20170331</CreaDate><CreaTime>15582300</CreaTime><ArcGISFormat>1.0</ArcGISFormat><ArcGISstyle>XTools Pro Metadata</ArcGISstyle><SyncOnce>TRUE</SyncOnce><DataProperties><itemProps><itemLocation><linkage Sync="TRUE">file://\\Dotfp\gisdata\PROJECTS\VISION_ZERO_MAP_APPLICATION\DATA\SPEED_LIMITS\UPDATED\SHAPEFILES_WGS\SPEED_LIMITS\speed_limit_16d_March2017</linkage><protocol Sync="TRUE">Local Area Network</protocol></itemLocation></itemProps><copyHistory><copy source="\\Dotfp\gisdata\PROJECTS\VISION_ZERO_MAP_APPLICATION\DATA\SPEED_LIMITS\UPDATED\speed_limit_16d_March2017" dest="\\Dotfp\gisdata\PROJECTS\VISION_ZERO_MAP_APPLICATION\DATA\SPEED_LIMITS\UPDATED\SHAPEFILES_WGS\SPEED_LIMITS\speed_limit_16d_March2017" date="20170331" time="15582300"></copy></copyHistory></DataProperties></Esri></metadata>
